{"precision": 0.7801691006917756, "recall": 0.6642670157068062, "fbeta": 0.7175680452456699}