{"precision": 0.7953125, "recall": 0.6521460602178091, "fbeta": 0.7166490672298486}