{" Private": [0.7804232804232805, 0.6310160427807486, 0.6978119455943229], " Self-emp-inc": [0.7703703703703704, 0.859504132231405, 0.8125], " Self-emp-not-inc": [0.7547169811320755, 0.5755395683453237, 0.653061224489796], " ?": [0.75, 0.625, 0.6818181818181818], " Local-gov": [0.7835820895522388, 0.7777777777777778, 0.7806691449814127], " State-gov": [0.8153846153846154, 0.726027397260274, 0.7681159420289856], " Federal-gov": [0.8591549295774648, 0.8472222222222222, 0.8531468531468532], " Without-pay": [1.0, 1.0, 1.0], " Some-college": [0.7607655502392344, 0.5638297872340425, 0.6476578411405295], " HS-grad": [0.7972972972972973, 0.3746031746031746, 0.5097192224622029], " Prof-school": [0.8541666666666666, 0.9425287356321839, 0.8961748633879782], " 12th": [1.0, 0.25, 0.4], " 9th": [1.0, 0.0, 0.0], " 7th-8th": [0.3333333333333333, 0.2, 0.25], " Bachelors": [0.7473233404710921, 0.830952380952381, 0.7869222096956031], " Masters": [0.8405797101449275, 0.8969072164948454, 0.8678304239401496], " Doctorate": [0.828125, 0.9298245614035088, 0.8760330578512396], " Assoc-voc": [0.7021276595744681, 0.5238095238095238, 0.6], " Assoc-acdm": [0.7450980392156863, 0.6229508196721312, 0.6785714285714286], " 10th": [1.0, 0.125, 0.2222222222222222], " 11th": [1.0, 0.21428571428571427, 0.35294117647058826], " 1st-4th": [1.0, 1.0, 1.0], " Preschool": [0.0, 1.0, 0.0], " 5th-6th": [1.0, 0.3333333333333333, 0.5], " Never-married": [0.9, 0.4444444444444444, 0.5950413223140495], " Married-civ-spouse": [0.7756463719766472, 0.6981981981981982, 0.7348873962860529], " Widowed": [0.8, 0.4, 0.5333333333333333], " Married-AF-spouse": [1.0, 1.0, 1.0], " Divorced": [0.7843137254901961, 0.4444444444444444, 0.5673758865248226], " Separated": [0.75, 0.2727272727272727, 0.39999999999999997], " Married-spouse-absent": [1.0, 0.5, 0.6666666666666666], " Other-service": [0.8571428571428571, 0.41379310344827586, 0.5581395348837208], " Machine-op-inspct": [0.7777777777777778, 0.32558139534883723, 0.459016393442623], " Prof-specialty": [0.8135135135135135, 0.8551136363636364, 0.8337950138504155], " Sales": [0.7277777777777777, 0.6968085106382979, 0.7119565217391305], " Craft-repair": [0.7244897959183674, 0.39226519337016574, 0.5089605734767025], " Exec-managerial": [0.8040201005025126, 0.835509138381201, 0.8194622279129321], " Adm-clerical": [0.7887323943661971, 0.5714285714285714, 0.6627218934911242], " Handlers-cleaners": [0.6666666666666666, 0.11764705882352941, 0.2], " Protective-serv": [0.7647058823529411, 0.6842105263157895, 0.7222222222222222], " Transport-moving": [0.782608695652174, 0.2903225806451613, 0.4235294117647059], " Priv-house-serv": [1.0, 1.0, 1.0], " Tech-support": [0.7115384615384616, 0.5692307692307692, 0.6324786324786325], " Farming-fishing": [0.8333333333333334, 0.2631578947368421, 0.39999999999999997], " Armed-Forces": [1.0, 1.0, 1.0], " Not-in-family": [0.8125, 0.436241610738255, 0.5676855895196506], " Husband": [0.7832233741753063, 0.702451394759087, 0.7406417112299465], " Wife": [0.7238805970149254, 0.6928571428571428, 0.708029197080292], " Unmarried": [0.8888888888888888, 0.45714285714285713, 0.6037735849056604], " Other-relative": [0.75, 0.375, 0.5], " Own-child": [0.75, 0.23076923076923078, 0.3529411764705882], " White": [0.7830820770519263, 0.6721782890007189, 0.723404255319149], " Black": [0.7636363636363637, 0.6176470588235294, 0.6829268292682927], " Asian-Pac-Islander": [0.7317073170731707, 0.5660377358490566, 0.6382978723404255], " Other": [1.0, 0.25, 0.4], " Amer-Indian-Eskimo": [0.7, 0.5833333333333334, 0.6363636363636365], " Female": [0.7485029940119761, 0.6038647342995169, 0.6684491978609626], " Male": [0.7848324514991182, 0.6737320211960636, 0.725050916496945], " United-States": [0.7831932773109244, 0.6633451957295373, 0.7183044315992292], " Portugal": [1.0, 1.0, 1.0], " Mexico": [0.3333333333333333, 0.5, 0.4], " Outlying-US(Guam-USVI-etc)": [1.0, 1.0, 1.0], " Canada": [0.6363636363636364, 0.7777777777777778, 0.7000000000000001], " Philippines": [0.75, 0.75, 0.75], " Vietnam": [1.0, 1.0, 1.0], " El-Salvador": [1.0, 1.0, 1.0], " Puerto-Rico": [1.0, 0.5, 0.6666666666666666], " Hungary": [1.0, 1.0, 1.0], " India": [0.625, 0.7142857142857143, 0.6666666666666666], " Hong": [1.0, 1.0, 1.0], " Japan": [0.75, 1.0, 0.8571428571428571], " Germany": [0.8888888888888888, 0.6666666666666666, 0.761904761904762], " Taiwan": [1.0, 1.0, 1.0], " Guatemala": [1.0, 1.0, 1.0], " Trinadad&Tobago": [1.0, 1.0, 1.0], " England": [1.0, 0.6, 0.7499999999999999], " Italy": [0.8, 0.6666666666666666, 0.7272727272727272], " Iran": [0.875, 1.0, 0.9333333333333333], " China": [1.0, 0.6666666666666666, 0.8], " Yugoslavia": [1.0, 0.0, 0.0], " Poland": [0.0, 1.0, 0.0], " Cuba": [1.0, 0.3333333333333333, 0.5], " Columbia": [1.0, 1.0, 1.0], " South": [1.0, 0.3333333333333333, 0.5], " Peru": [0.0, 1.0, 0.0], " Jamaica": [0.5, 0.3333333333333333, 0.4], " Haiti": [1.0, 1.0, 1.0], " Nicaragua": [0.0, 0.0, 1.0], " Greece": [1.0, 1.0, 1.0], " Dominican-Republic": [1.0, 1.0, 1.0], " Cambodia": [1.0, 0.0, 0.0], " Thailand": [1.0, 1.0, 1.0], " Honduras": [1.0, 1.0, 1.0], " Laos": [0.5, 1.0, 0.6666666666666666], " Ecuador": [0.0, 0.0, 1.0], " France": [1.0, 1.0, 1.0], " Ireland": [1.0, 1.0, 1.0]}